#{"t_start": 1669647724.5328453, "env_id": "DeepRMSA-v0"}
r,l,t,episode_service_blocking_rate,episode_bit_rate_blocking_rate
50,50,0.44303,0.0,0.0
50,50,0.919347,0.0,0.0
50,50,1.386758,0.0,0.0
50,50,1.869491,0.0,0.0
50,50,2.353224,0.0,0.0
50,50,2.827868,0.0,0.0
50,50,3.321911,0.0,0.0
50,50,3.822289,0.0,0.0
50,50,4.304507,0.0,0.0
50,50,4.814021,0.0,0.0
