#{"t_start": 1677858623.9187677, "env_id": "DeepRMSA-v0"}
r,l,t,episode_service_blocking_rate,episode_bit_rate_blocking_rate
50,50,0.461836,0.0,0.0
50,50,0.934431,0.0,0.0
50,50,1.367723,0.0,0.0
50,50,1.82596,0.0,0.0
50,50,2.258807,0.0,0.0
50,50,2.695514,0.0,0.0
50,50,3.18758,0.0,0.0
50,50,3.635951,0.0,0.0
42,50,4.138814,0.08,0.04530230918385334
28,50,4.601373,0.22,0.18342733188720173
