#{"t_start": 1677972174.90077, "env_id": "DeepRMSA-v0"}
r,l,t,episode_service_blocking_rate,episode_bit_rate_blocking_rate
50,50,0.855892,0.0,0.0
50,50,1.118823,0.0,0.0
50,50,1.383694,0.0,0.0
50,50,1.660182,0.0,0.0
50,50,1.929657,0.0,0.0
24,50,2.182733,0.26,0.31044008382549054
-8,50,2.411609,0.58,0.6951808522056456
-10,50,2.736535,0.6,0.6398751463129145
-16,50,3.080132,0.66,0.6777719019918914
-8,50,3.440303,0.58,0.5631236442516269
