#{"t_start": 1668730926.1839268, "env_id": "DeepRMSA-v0"}
r,l,t,episode_service_blocking_rate,episode_bit_rate_blocking_rate
50,50,0.330991,0.0,0.0
50,50,0.663212,0.0,0.0
50,50,1.00484,0.0,0.0
50,50,1.35229,0.0,0.0
38,50,1.699329,0.12,0.11892712550607287
24,50,2.03408,0.26,0.2553819775195275
-4,50,2.342669,0.54,0.6095309649028657
0,50,2.658521,0.5,0.5793015996878658
-12,50,2.951122,0.62,0.6357306539749692
-24,50,3.242463,0.74,0.8038177874186551
