#{"t_start": 1668695811.6001015, "env_id": "DeepRMSA-v0"}
r,l,t,episode_service_blocking_rate,episode_bit_rate_blocking_rate
50,50,0.459039,0.0,0.0
50,50,0.910646,0.0,0.0
50,50,1.431648,0.0,0.0
50,50,1.919782,0.0,0.0
50,50,2.391327,0.0,0.0
50,50,2.882018,0.0,0.0
50,50,3.376755,0.0,0.0
50,50,3.868338,0.0,0.0
50,50,4.383584,0.0,0.0
50,50,4.889586,0.0,0.0
