#{"t_start": 1677691008.291439, "env_id": "DeepRMSA-v0"}
r,l,t,episode_service_blocking_rate,episode_bit_rate_blocking_rate
50,50,0.53614,0.0,0.0
50,50,1.041836,0.0,0.0
50,50,1.55524,0.0,0.0
50,50,2.088021,0.0,0.0
50,50,2.641015,0.0,0.0
50,50,3.167835,0.0,0.0
50,50,3.814581,0.0,0.0
50,50,4.49649,0.0,0.0
38,50,5.21801,0.12,0.08443504318702627
42,50,5.904042,0.08,0.0793058568329718
