#{"t_start": 1668700661.4733186, "env_id": "DeepRMSA-v0"}
r,l,t,episode_service_blocking_rate,episode_bit_rate_blocking_rate
50,50,0.457969,0.0,0.0
50,50,0.900691,0.0,0.0
50,50,1.349447,0.0,0.0
50,50,1.799664,0.0,0.0
50,50,2.26821,0.0,0.0
50,50,2.72488,0.0,0.0
50,50,3.18451,0.0,0.0
50,50,3.629777,0.0,0.0
50,50,4.097323,0.0,0.0
50,50,4.54522,0.0,0.0
