#{"t_start": 1668544599.2995694, "env_id": "DeepRMSA-v0"}
r,l,t,episode_service_blocking_rate,episode_bit_rate_blocking_rate
50,50,0.451595,0.0,0.0
50,50,0.897827,0.0,0.0
50,50,1.346478,0.0,0.0
50,50,2.15466,0.0,0.0
50,50,3.027749,0.0,0.0
50,50,3.951512,0.0,0.0
50,50,5.771272,0.0,0.0
44,50,7.663832,0.06,0.031213421771361684
36,50,9.205972,0.14,0.1590869028732593
30,50,10.297746,0.2,0.2438177874186551
