#{"t_start": 1668715869.5545094, "env_id": "DeepRMSA-v0"}
r,l,t,episode_service_blocking_rate,episode_bit_rate_blocking_rate
50,50,0.455554,0.0,0.0
50,50,0.907021,0.0,0.0
50,50,1.511239,0.0,0.0
50,50,2.118007,0.0,0.0
50,50,2.722705,0.0,0.0
50,50,3.411764,0.0,0.0
50,50,4.130606,0.0,0.0
50,50,4.822381,0.0,0.0
34,50,5.370246,0.16,0.14004935660144543
26,50,5.840388,0.24,0.21561822125813448
